[
  {
    "id": 0,
    "titulo": "El Contrato",
    "escena_imagen": "escena_00_contrato.png",
    "situacion": {
      "es": "Paul, tu mentor en MegaPetrol, te recibe en su oficina de ejecutivo. Te explica: 'Alex, te he conseguido una pasantía de 6 meses. Si demuestras valía, podrías conseguir un contrato permanente. Pero ten cuidado: otros dos pasantes también competirán por el puesto. ¿Cuál será tu estrategia?'",
      "en": "Paul, your mentor at MegaPetrol, receives you in his executive office. He explains: 'Alex, I've secured you a 6-month internship. If you prove your worth, you could get a permanent contract. But be careful: two other interns will also compete for the position. What will be your strategy?'"
    },
    "opciones": [
      {
        "texto": {
          "es": "Enfocarme en aprender todo lo que pueda y destacar por conocimiento.",
          "en": "Focus on learning everything I can and stand out through knowledge."
        },
        "consecuencias": {"conocimiento": 2, "reputacion": 1},
        "respuesta_narrativa": {
          "es": "Paul asiente con aprobación. 'Buena estrategia. El conocimiento es poder en esta industria.'",
          "en": "Paul nods approvingly. 'Good strategy. Knowledge is power in this industry.'"
        }
      },
      {
        "texto": {
          "es": "Construir relaciones sólidas con todos los equipos de trabajo.",
          "en": "Build solid relationships with all work teams."
        },
        "consecuencias": {"red_contactos": 2, "reputacion": 1},
        "respuesta_narrativa": {
          "es": "Paul sonríe. 'Inteligente. En este negocio, quién te conoce es tan importante como lo que sabes.'",
          "en": "Paul smiles. 'Smart. In this business, who knows you is as important as what you know.'"
        }
      },
      {
        "texto": {
          "es": "Ser competitivo pero justo, destacando sin perjudicar a otros.",
          "en": "Be competitive but fair, standing out without harming others."
        },
        "consecuencias": {"reputacion": 2, "conocimiento": 1},
        "respuesta_narrativa": {
          "es": "Paul te mira con respeto. 'Equilibrio perfecto. Esa mentalidad te llevará lejos en esta industria.'",
          "en": "Paul looks at you with respect. 'Perfect balance. That mindset will take you far in this industry.'"
        }
      }
    ]
  },
  {
    "id": 1,
    "titulo": "El Rito del Café",
    "personaje_imagen": "carlos.png",
    "situacion": {
      "es": "Carlos, uno de los otros pasantes, te invita a tomar café. Es extrovertido y parece muy seguro de sí mismo. 'Oye, Alex', dice mientras remueve su café, 'creo que deberíamos ser aliados en lugar de competir. Podemos ayudarnos mutuamente y luego ya veremos qué pasa.'",
      "en": "Carlos, one of the other interns, invites you for coffee. He's outgoing and seems very confident. 'Hey, Alex,' he says while stirring his coffee, 'I think we should be allies instead of competing. We can help each other and then see what happens.'"
    },
    "opciones": [
      {
        "texto": {
          "es": "Aceptar su propuesta de alianza completamente.",
          "en": "Accept his alliance proposal completely."
        },
        "consecuencias": {"red_contactos": 2},
        "respuesta_narrativa": {
          "es": "Carlos extiende su mano para sellar el acuerdo. 'Perfect! Juntos seremos imparables.'",
          "en": "Carlos extends his hand to seal the deal. 'Perfect! Together we'll be unstoppable.'"
        }
      },
      {
        "texto": {
          "es": "Ser cortés pero no comprometerme a nada específico.",
          "en": "Be polite but not commit to anything specific."
        },
        "consecuencias": {"reputacion": 1},
        "respuesta_narrativa": {
          "es": "Carlos nota tu reserva, pero respeta tu cautela. 'Entiendo. Eres cuidadoso. Eso puede ser bueno.'",
          "en": "Carlos notices your reserve, but respects your caution. 'I understand. You're careful. That can be good.'"
        }
      },
      {
        "texto": {
          "es": "Rechazar educadamente. Prefiero competir limpiamente.",
          "en": "Politely decline. I prefer to compete cleanly."
        },
        "consecuencias": {"reputacion": 2, "red_contactos": -1},
        "respuesta_narrativa": {
          "es": "Carlos se sorprende pero asiente. 'Respeto eso. Que gane el mejor entonces.'",
          "en": "Carlos is surprised but nods. 'I respect that. May the best one win then.'"
        }
      }
    ]
  },
  {
    "id": 2,
    "titulo": "La Montaña de Papel",
    "personaje_imagen": "laura.png",
    "situacion": {
      "es": "Laura, la gerente de tu departamento, te asigna tu primera tarea real: organizar y digitalizar 3 años de reportes de perforación. Es un trabajo tedioso que tomará semanas, pero podrías aprender mucho sobre las operaciones reales de la empresa.",
      "en": "Laura, your department manager, assigns you your first real task: organize and digitize 3 years of drilling reports. It's tedious work that will take weeks, but you could learn a lot about the company's real operations."
    },
    "opciones": [
      {
        "texto": {
          "es": "Abordar la tarea con entusiasmo y hacer preguntas sobre los reportes.",
          "en": "Approach the task with enthusiasm and ask questions about the reports."
        },
        "consecuencias": {"conocimiento": 3, "reputacion": 1},
        "respuesta_narrativa": {
          "es": "Tu curiosidad genuina impresiona a Laura. 'Me gusta tu actitud. Estos reportes cuentan historias fascinantes.'",
          "en": "Your genuine curiosity impresses Laura. 'I like your attitude. These reports tell fascinating stories.'"
        }
      },
      {
        "texto": {
          "es": "Hacerlo rápido y eficientemente sin hacer muchas preguntas.",
          "en": "Do it quickly and efficiently without asking many questions."
        },
        "consecuencias": {"reputacion": 2},
        "respuesta_narrativa": {
          "es": "Laura queda impresionada por tu eficiencia, pero nota que no hiciste preguntas técnicas.",
          "en": "Laura is impressed by your efficiency, but notices you didn't ask technical questions."
        }
      },
      {
        "texto": {
          "es": "Proponer digitalizar y crear un sistema de búsqueda avanzado.",
          "en": "Propose to digitize and create an advanced search system."
        },
        "consecuencias": {"conocimiento": 2, "reputacion": 2, "capital": 500},
        "respuesta_narrativa": {
          "es": "Laura se emociona con tu propuesta. 'Excelente iniciativa. Esto podría revolucionar nuestro archivo.'",
          "en": "Laura gets excited about your proposal. 'Excellent initiative. This could revolutionize our archive.'"
        }
      }
    ]
  },
  {
    "id": 2.5,
    "tipo": "desafio",
    "titulo": "Briefing de Seguridad",
    "escena_imagen": "escena_02.5_seguridad.png",
    "situacion": {
      "es": "Durante la inducción de seguridad, el instructor pregunta: 'Acaba de sonar una alarma de H2S (sulfuro de hidrógeno) en su área. ¿Cuál es su primera acción inmediata?'",
      "en": "During the safety induction, the instructor asks: 'An H2S (hydrogen sulfide) alarm just sounded in your area. What is your immediate first action?'"
    },
    "opciones": [
      {
        "texto": {
          "es": "Ir a la fuente de la alarma para investigar.",
          "en": "Go to the alarm source to investigate."
        },
        "consecuencias": {"reputacion": -2},
        "respuesta_narrativa": {
          "es": "Incorrecto. Acercarse a la fuente sin equipo es extremadamente peligroso.",
          "en": "Incorrect. Approaching the source without equipment is extremely dangerous."
        }
      },
      {
        "texto": {
          "es": "Revisar la dirección del viento y evacuar en dirección contraria.",
          "en": "Check wind direction and evacuate in the opposite direction."
        },
        "es_correcta": true,
        "consecuencias": {"conocimiento": 2, "reputacion": 1},
        "respuesta_narrativa": {
          "es": "¡Correcto! La prioridad es evacuar a una zona segura en contra del viento.",
          "en": "Correct! The priority is to evacuate to a safe area against the wind."
        }
      },
      {
        "texto": {
          "es": "Esperar instrucciones de mi supervisor por radio.",
          "en": "Wait for instructions from my supervisor via radio."
        },
        "consecuencias": {"reputacion": -1},
        "respuesta_narrativa": {
          "es": "Incorrecto. En una emergencia de gas tóxico, cada segundo cuenta. No puedes esperar.",
          "en": "Incorrect. In a toxic gas emergency, every second counts. You can't wait."
        }
      }
    ]
  },
  {
    "id": 3,
    "titulo": "Cervezas o Reportes",
    "personaje_imagen": "carlos.png",
    "situacion": {
      "es": "Es viernes por la tarde y Carlos te invita a unirte a él y otros empleados para unas cervezas después del trabajo. Sin embargo, tienes un reporte importante que entregar el lunes y podrías usar el tiempo extra para perfeccionarlo.",
      "en": "It's Friday afternoon and Carlos invites you to join him and other employees for some beers after work. However, you have an important report due Monday and could use the extra time to perfect it."
    },
    "opciones": [
      {
        "texto": {
          "es": "Ir con el grupo. Las relaciones sociales son importantes.",
          "en": "Go with the group. Social relationships are important."
        },
        "consecuencias": {"red_contactos": 2, "reputacion": 1},
        "respuesta_narrativa": {
          "es": "Pasas una tarde genial. Los compañeros te ven como parte del equipo y compartes historias interesantes.",
          "en": "You have a great time. Colleagues see you as part of the team and share interesting stories."
        }
      },
      {
        "texto": {
          "es": "Quedarme a trabajar en el reporte para entregarlo perfecto.",
          "en": "Stay to work on the report to deliver it perfectly."
        },
        "consecuencias": {"conocimiento": 2, "reputacion": 2},
        "respuesta_narrativa": {
          "es": "Tu reporte del lunes recibe elogios por su calidad. Laura comenta sobre tu dedicación.",
          "en": "Your Monday report receives praise for its quality. Laura comments on your dedication."
        }
      },
      {
        "texto": {
          "es": "Ir por una hora y luego regresar a terminar el reporte.",
          "en": "Go for an hour and then return to finish the report."
        },
        "consecuencias": {"red_contactos": 1, "conocimiento": 1, "reputacion": 1},
        "respuesta_narrativa": {
          "es": "Logras equilibrar ambas cosas. El equipo aprecia tu presencia y tu reporte queda bien hecho.",
          "en": "You manage to balance both things. The team appreciates your presence and your report turns out well."
        }
      }
    ]
  },
  {
    "id": 4,
    "titulo": "El PowerPoint Optimista",
    "personaje_imagen": "javier.png",
    "situacion": {
      "es": "Javier, el tercer pasante, está muy nervioso preparando una presentación para el comité ejecutivo. Te pide ayuda para 'hacer que los números se vean mejor'. Sus proyecciones son conservadoras pero realistas. Quiere que lo ayudes a 'optimizarlas'.",
      "en": "Javier, the third intern, is very nervous preparing a presentation for the executive committee. He asks for help to 'make the numbers look better'. His projections are conservative but realistic. He wants you to help him 'optimize' them."
    },
    "opciones": [
      {
        "texto": {
          "es": "Ayudarlo a presentar los datos de manera más atractiva pero manteniendo la precisión.",
          "en": "Help him present the data more attractively while maintaining accuracy."
        },
        "consecuencias": {"red_contactos": 2, "conocimiento": 1},
        "respuesta_narrativa": {
          "es": "Javier está muy agradecido. Su presentación es un éxito y el comité valora la honestidad de los datos.",
          "en": "Javier is very grateful. His presentation is a success and the committee values the honesty of the data."
        }
      },
      {
        "texto": {
          "es": "Sugerirle que inflé ligeramente los números para impresionar.",
          "en": "Suggest he slightly inflate the numbers to impress."
        },
        "consecuencias": {"reputacion": -2, "red_contactos": 1},
        "respuesta_narrativa": {
          "es": "La presentación de Javier causa problemas cuando los números no se materializan. Tu consejo fue cuestionable.",
          "en": "Javier's presentation causes problems when the numbers don't materialize. Your advice was questionable."
        }
      },
      {
        "texto": {
          "es": "Declinar ayudarlo. Cada uno debe hacer su propio trabajo.",
          "en": "Decline to help him. Everyone should do their own work."
        },
        "consecuencias": {"red_contactos": -2, "reputacion": 1},
        "respuesta_narrativa": {
          "es": "Javier se siente decepcionado pero entiende. Su presentación es mediocre y te culpa por no ayudarlo.",
          "en": "Javier feels disappointed but understands. His presentation is mediocre and he blames you for not helping."
        }
      }
    ]
  },
  {
    "id": 5,
    "titulo": "La 'Sugerencia' del Rival",
    "personaje_imagen": "carlos.png",
    "situacion": {
      "es": "Carlos te comenta en privado que ha notado que Javier comete errores menores pero constantes en sus cálculos. 'Podrías mencionárselo a Laura', sugiere. 'Sería útil para la empresa... y para nosotros.'",
      "en": "Carlos tells you privately that he's noticed Javier makes minor but consistent errors in his calculations. 'You could mention it to Laura,' he suggests. 'It would be useful for the company... and for us.'"
    },
    "opciones": [
      {
        "texto": {
          "es": "Hablar directamente con Javier sobre sus errores para ayudarlo a mejorar.",
          "en": "Talk directly with Javier about his errors to help him improve."
        },
        "consecuencias": {"reputacion": 3, "red_contactos": 1},
        "respuesta_narrativa": {
          "es": "Javier inicialmente se molesta, pero luego aprecia tu honestidad. Sus trabajos mejoran notablemente.",
          "en": "Javier is initially upset, but then appreciates your honesty. His work improves notably."
        }
      },
      {
        "texto": {
          "es": "Reportar los errores de Javier a Laura como sugiere Carlos.",
          "en": "Report Javier's errors to Laura as Carlos suggests."
        },
        "consecuencias": {"reputacion": -1, "red_contactos": -2},
        "respuesta_narrativa": {
          "es": "Laura toma nota, pero Javier se entera de que lo reportaste. La tensión entre ustedes es evidente.",
          "en": "Laura takes note, but Javier finds out you reported him. The tension between you is evident."
        }
      },
      {
        "texto": {
          "es": "Rechazar la sugerencia de Carlos y no hacer nada.",
          "en": "Reject Carlos's suggestion and do nothing."
        },
        "consecuencias": {"red_contactos": -1},
        "respuesta_narrativa": {
          "es": "Carlos se molesta por tu falta de 'espíritu de equipo'. Los errores de Javier continúan sin corregirse.",
          "en": "Carlos is upset by your lack of 'team spirit'. Javier's errors continue uncorrected."
        }
      }
    ]
  },
  {
    "id": 6,
    "titulo": "El Email Equivocado",
    "situacion": {
      "es": "Recibes por error un email confidencial dirigido a Paul que contiene información sobre recortes de personal y reestructuración departamental. El email sugiere que solo uno de los tres pasantes obtendrá el contrato permanente.",
      "en": "You mistakenly receive a confidential email intended for Paul containing information about staff cuts and departmental restructuring. The email suggests only one of the three interns will get the permanent contract."
    },
    "opciones": [
      {
        "texto": {
          "es": "Reenviar inmediatamente el email a Paul y no mencionar el contenido.",
          "en": "Immediately forward the email to Paul and not mention the content."
        },
        "consecuencias": {"reputacion": 3},
        "respuesta_narrativa": {
          "es": "Paul aprecia tu integridad al manejar información confidencial correctamente.",
          "en": "Paul appreciates your integrity in handling confidential information correctly."
        }
      },
      {
        "texto": {
          "es": "Compartir discretamente la información con Carlos y Javier.",
          "en": "Discreetly share the information with Carlos and Javier."
        },
        "consecuencias": {"red_contactos": 2, "reputacion": -2},
        "respuesta_narrativa": {
          "es": "Tus compañeros te agradecen la información, pero has violado la confidencialidad corporativa.",
          "en": "Your colleagues thank you for the information, but you've violated corporate confidentiality."
        }
      },
      {
        "texto": {
          "es": "Leer el email completo antes de reenviarlo para estar preparado.",
          "en": "Read the complete email before forwarding it to be prepared."
        },
        "consecuencias": {"conocimiento": 2, "reputacion": -1},
        "respuesta_narrativa": {
          "es": "Obtienes información valiosa sobre la empresa, pero has violado la privacidad de comunicaciones internas.",
          "en": "You gain valuable information about the company, but you've violated the privacy of internal communications."
        }
      }
    ]
  },
  {
    "id": 7,
    "titulo": "Invertir en Ti Mismo",
    "situacion": {
      "es": "La empresa ofrece un curso de certificación en análisis sísmico que cuesta $2,000. Es caro para un pasante, pero podría darte una ventaja significativa. Tendrías que usar tus ahorros personales.",
      "en": "The company offers a seismic analysis certification course that costs $2,000. It's expensive for an intern, but could give you a significant advantage. You'd have to use your personal savings."
    },
    "opciones": [
      {
        "texto": {
          "es": "Invertir en el curso. Es una inversión en mi futuro.",
          "en": "Invest in the course. It's an investment in my future."
        },
        "consecuencias": {"conocimiento": 4, "capital": -2000},
        "respuesta_narrativa": {
          "es": "El curso es intensivo pero fascinante. Tu nuevo conocimiento te hace destacar en las discusiones técnicas.",
          "en": "The course is intensive but fascinating. Your new knowledge makes you stand out in technical discussions."
        }
      },
      {
        "texto": {
          "es": "Mantener mis ahorros. Puedo aprender en el trabajo.",
          "en": "Keep my savings. I can learn on the job."
        },
        "consecuencias": {"capital": 2000},
        "respuesta_narrativa": {
          "es": "Mantienes tu estabilidad financiera, pero notas que otros tienen conocimientos más especializados.",
          "en": "You maintain your financial stability, but notice others have more specialized knowledge."
        }
      },
      {
        "texto": {
          "es": "Pedirle a Paul que la empresa patrocine el curso.",
          "en": "Ask Paul for the company to sponsor the course."
        },
        "consecuencias": {"conocimiento": 3, "red_contactos": 2},
        "respuesta_narrativa": {
          "es": "Paul queda impresionado por tu iniciativa y consigue que la empresa pague el curso. Ganas conocimiento sin costo personal.",
          "en": "Paul is impressed by your initiative and gets the company to pay for the course. You gain knowledge without personal cost."
        }
      }
    ]
  },
  {
    "id": 8,
    "titulo": "El Secreto de la Cafetería",
    "situacion": {
      "es": "Escuchas por casualidad una conversación entre dos gerentes senior en la cafetería. Hablan sobre un posible mega-proyecto en el Golfo de México que podría cambiar el futuro de la empresa. Nadie más parece saber esto.",
      "en": "You overhear a conversation between two senior managers in the cafeteria. They're talking about a possible mega-project in the Gulf of Mexico that could change the company's future. No one else seems to know this."
    },
    "opciones": [
      {
        "texto": {
          "es": "Usar esta información para hacer preguntas inteligentes en reuniones futuras.",
          "en": "Use this information to ask smart questions in future meetings."
        },
        "consecuencias": {"conocimiento": 2, "reputacion": 2},
        "respuesta_narrativa": {
          "es": "Tus preguntas perspicaces impresionan a los gerentes. Piensan que tienes una visión estratégica natural.",
          "en": "Your insightful questions impress the managers. They think you have natural strategic vision."
        }
      },
      {
        "texto": {
          "es": "No actuar sobre la información escuchada por casualidad.",
          "en": "Don't act on information overheard by chance."
        },
        "consecuencias": {"reputacion": 1},
        "respuesta_narrativa": {
          "es": "Mantienes tu integridad, pero pierdes una oportunidad de demostrar visión estratégica.",
          "en": "You maintain your integrity, but miss an opportunity to demonstrate strategic vision."
        }
      },
      {
        "texto": {
          "es": "Compartir sutilmente la información con Carlos y Javier.",
          "en": "Subtly share the information with Carlos and Javier."
        },
        "consecuencias": {"red_contactos": 2, "reputacion": -1},
        "respuesta_narrativa": {
          "es": "Tus compañeros aprecian la información privilegiada, pero has comprometido tu ética profesional.",
          "en": "Your colleagues appreciate the privileged information, but you've compromised your professional ethics."
        }
      }
    ]
  },
  {
    "id": 9,
    "titulo": "El Pozo Olvidado",
    "situacion": {
      "es": "Mientras revisas archivos históricos, encuentras datos sobre un pozo abandonado que podría ser viable con tecnología moderna. Los cálculos preliminares sugieren que podría ser rentable, pero nadie ha revisado este pozo en 15 años.",
      "en": "While reviewing historical files, you find data about an abandoned well that could be viable with modern technology. Preliminary calculations suggest it could be profitable, but no one has reviewed this well in 15 years."
    },
    "opciones": [
      {
        "texto": {
          "es": "Preparar un análisis detallado y presentárselo a Laura.",
          "en": "Prepare a detailed analysis and present it to Laura."
        },
        "consecuencias": {"conocimiento": 3, "reputacion": 4, "capital": 1000},
        "respuesta_narrativa": {
          "es": "Tu análisis impresiona tanto que llega hasta el comité ejecutivo. Tu iniciativa es reconocida públicamente.",
          "en": "Your analysis is so impressive it reaches the executive committee. Your initiative is publicly recognized."
        }
      },
      {
        "texto": {
          "es": "Comentárselo informalmente a Paul para obtener su opinión primero.",
          "en": "Mention it informally to Paul to get his opinion first."
        },
        "consecuencias": {"red_contactos": 2, "conocimiento": 1},
        "respuesta_narrativa": {
          "es": "Paul queda impresionado por tu descubrimiento y te ayuda a refinarlo antes de presentarlo oficialmente.",
          "en": "Paul is impressed by your discovery and helps you refine it before presenting it officially."
        }
      },
      {
        "texto": {
          "es": "Guardar la información para usarla estratégicamente más adelante.",
          "en": "Save the information to use strategically later."
        },
        "consecuencias": {"conocimiento": 1, "capital": 500},
        "respuesta_narrativa": {
          "es": "Decides esperar el momento oportuno. La información podría ser valiosa en el futuro, pero pierdes la oportunidad de impresionar ahora.",
          "en": "You decide to wait for the right moment. The information could be valuable in the future, but you miss the opportunity to impress now."
        }
      }
    ]
  },
  {
    "id": 9.5,
    "tipo": "desafio",
    "titulo": "Problema de Perforación",
    "escena_imagen": "escena_09.5_lodo.png",
    "situacion": {
      "es": "Analizando los datos del pozo, detectas una pérdida de circulación severa en una formación de arenisca no consolidada. ¿Qué material (LCM) es el más adecuado para sellar esta pérdida?",
      "en": "Analyzing well data, you detect severe circulation loss in an unconsolidated sandstone formation. What material (LCM) is most suitable to seal this loss?"
    },
    "opciones": [
      {
        "texto": {
          "es": "Aumentar la densidad del lodo con barita.",
          "en": "Increase mud density with barite."
        },
        "consecuencias": {"conocimiento": -2, "capital": -50},
        "respuesta_narrativa": {
          "es": "Incorrecto. Aumentar el peso podría empeorar la fractura y la pérdida.",
          "en": "Incorrect. Increasing weight could worsen the fracture and loss."
        }
      },
      {
        "texto": {
          "es": "Fibra de celulosa y carbonato de calcio de grano grueso.",
          "en": "Cellulose fiber and coarse-grained calcium carbonate."
        },
        "es_correcta": true,
        "consecuencias": {"conocimiento": 3, "reputacion": 2},
        "respuesta_narrativa": {
          "es": "¡Correcto! Una combinación de material granular y fibroso es ideal para crear un sello efectivo en este tipo de formación.",
          "en": "Correct! A combination of granular and fibrous material is ideal for creating an effective seal in this type of formation."
        }
      },
      {
        "texto": {
          "es": "Bentonita prehidratada.",
          "en": "Pre-hydrated bentonite."
        },
        "consecuencias": {"conocimiento": -1},
        "respuesta_narrativa": {
          "es": "Incorrecto. La bentonita es para viscosidad, no es efectiva para pérdidas severas.",
          "en": "Incorrect. Bentonite is for viscosity, not effective for severe losses."
        }
      }
    ]
  },
  {
    "id": 10,
    "titulo": "La Crisis de Medianoche",
    "situacion": {
      "es": "Es tu último mes como pasante. A medianoche recibes una llamada urgente: hay una emergencia en una plataforma marina y necesitan todos los recursos disponibles. Te piden trabajar 20 horas seguidas. Tu evaluación final es mañana.",
      "en": "It's your last month as an intern. At midnight you receive an urgent call: there's an emergency on a marine platform and they need all available resources. They ask you to work 20 hours straight. Your final evaluation is tomorrow."
    },
    "opciones": [
      {
        "texto": {
          "es": "Responder al llamado de emergencia sin dudarlo.",
          "en": "Answer the emergency call without hesitation."
        },
        "consecuencias": {"reputacion": 5, "red_contactos": 3},
        "respuesta_narrativa": {
          "es": "Tu compromiso durante la crisis impresiona a todos. Tu evaluación se pospone, pero tu reputación está hecha.",
          "en": "Your commitment during the crisis impresses everyone. Your evaluation is postponed, but your reputation is made."
        }
      },
      {
        "texto": {
          "es": "Explicar que tengo la evaluación final y pedir ser excusado.",
          "en": "Explain that I have the final evaluation and ask to be excused."
        },
        "consecuencias": {"conocimiento": 2, "reputacion": -3},
        "respuesta_narrativa": {
          "es": "Tu evaluación va bien, pero algunos colegas cuestionan tu compromiso con el equipo en momentos críticos.",
          "en": "Your evaluation goes well, but some colleagues question your commitment to the team in critical moments."
        }
      },
      {
        "texto": {
          "es": "Ir a la emergencia pero pedir que reprogramen mi evaluación.",
          "en": "Go to the emergency but ask them to reschedule my evaluation."
        },
        "consecuencias": {"reputacion": 3, "conocimiento": 1, "red_contactos": 2},
        "respuesta_narrativa": {
          "es": "Encuentras el equilibrio perfecto. Demuestras compromiso con la emergencia y responsabilidad con tu evaluación.",
          "en": "You find the perfect balance. You show commitment to the emergency and responsibility with your evaluation."
        }
      }
    ]
  },
  {
    "id": 11,
    "titulo": "Frente a los Tiburones",
    "situacion": {
      "es": "Es la reunión final donde se decidirá quién obtiene el contrato permanente. Los tres pasantes deben presentar sus logros ante el comité ejecutivo. Paul te da un último consejo: 'Sé auténtico, pero no subestimes la importancia de este momento.'",
      "en": "It's the final meeting where they'll decide who gets the permanent contract. All three interns must present their achievements to the executive committee. Paul gives you final advice: 'Be authentic, but don't underestimate the importance of this moment.'"
    },
    "opciones": [
      {
        "texto": {
          "es": "Enfocar mi presentación en mis contribuciones técnicas y descubrimientos.",
          "en": "Focus my presentation on my technical contributions and discoveries."
        },
        "consecuencias": {"conocimiento": 2, "reputacion": 2},
        "respuesta_narrativa": {
          "es": "Tu presentación es sólida y técnicamente impresionante. El comité aprecia tu competencia profesional.",
          "en": "Your presentation is solid and technically impressive. The committee appreciates your professional competence."
        }
      },
      {
        "texto": {
          "es": "Enfocarme en cómo he contribuido al trabajo en equipo y las relaciones.",
          "en": "Focus on how I've contributed to teamwork and relationships."
        },
        "consecuencias": {"red_contactos": 2, "reputacion": 2},
        "respuesta_narrativa": {
          "es": "Tu presentación humaniza el proceso. El comité valora tu capacidad de liderazgo y trabajo en equipo.",
          "en": "Your presentation humanizes the process. The committee values your leadership and teamwork capacity."
        }
      },
      {
        "texto": {
          "es": "Presentar una visión integral: técnica, humana y estratégica.",
          "en": "Present a comprehensive vision: technical, human and strategic."
        },
        "consecuencias": {"conocimiento": 1, "reputacion": 3, "red_contactos": 1},
        "respuesta_narrativa": {
          "es": "Tu presentación equilibrada impresiona al comité. Demuestras ser un profesional completo y versátil.",
          "en": "Your balanced presentation impresses the committee. You demonstrate being a complete and versatile professional."
        }
      }
    ]
  },
  {
    "id": 11.5,
    "tipo": "desafio",
    "titulo": "Amenaza Cibernética",
    "escena_imagen": "escena_11.5_phishing.png",
    "situacion": {
      "es": "Recibes un email urgente del 'Departamento de TI' con un enlace para 'actualizar tus credenciales de acceso al sistema SCADA'. El remitente es 'TI-support@corp-oil.co'. ¿Qué haces?",
      "en": "You receive an urgent email from the 'IT Department' with a link to 'update your SCADA system access credentials'. The sender is 'TI-support@corp-oil.co'. What do you do?"
    },
    "opciones": [
      {
        "texto": {
          "es": "Hacer clic en el enlace. La seguridad es lo primero.",
          "en": "Click the link. Security comes first."
        },
        "consecuencias": {"reputacion": -5, "conocimiento": -3},
        "respuesta_narrativa": {
          "es": "¡Desastre! Era un ataque de phishing. Has comprometido la red de control industrial.",
          "en": "Disaster! It was a phishing attack. You've compromised the industrial control network."
        }
      },
      {
        "texto": {
          "es": "Responder al email pidiendo confirmación.",
          "en": "Reply to the email asking for confirmation."
        },
        "consecuencias": {"reputacion": -1},
        "respuesta_narrativa": {
          "es": "Mal. Al responder, confirmas que tu dirección de email está activa.",
          "en": "Bad. By replying, you confirm your email address is active."
        }
      },
      {
        "texto": {
          "es": "No hacer clic, no responder, y reportarlo al equipo de ciberseguridad por un canal oficial.",
          "en": "Don't click, don't reply, and report it to the cybersecurity team through official channels."
        },
        "es_correcta": true,
        "consecuencias": {"reputacion": 3, "conocimiento": 2},
        "respuesta_narrativa": {
          "es": "¡Excelente! Has identificado un intento de phishing y has seguido el protocolo correcto, protegiendo a la compañía.",
          "en": "Excellent! You've identified a phishing attempt and followed the correct protocol, protecting the company."
        }
      }
    ]
  },
  {
    "id": 12,
    "titulo": "El Veredicto Final",
    "escena_imagen": "escena_12_veredicto.png",
    "situacion": {
      "es": "Paul te llama a su oficina. Su expresión es seria. 'Alex, ha sido un viaje increíble. El comité ha tomado su decisión sobre quién obtendrá el contrato permanente.'",
      "en": "Paul calls you to his office. His expression is serious. 'Alex, it's been an incredible journey. The committee has made their decision about who will get the permanent contract.'"
    },
    "opciones": [
      {
        "texto": {
          "es": "Escuchar el veredicto con calma.",
          "en": "Listen to the verdict calmly."
        },
        "consecuencias": {},
        "respuesta_narrativa": {
          "es": "Contienes la respiración mientras Paul abre el sobre...",
          "en": "You hold your breath as Paul opens the envelope..."
        }
      },
      {
        "texto": {
          "es": "Preguntarle directamente si obtuve el puesto.",
          "en": "Ask him directly if I got the position."
        },
        "consecuencias": {},
        "respuesta_narrativa": {
          "es": "Paul sonríe ante tu directa. 'Siempre al grano. Eso me gusta de ti...'",
          "en": "Paul smiles at your directness. 'Always straight to the point. I like that about you...'"
        }
      },
      {
        "texto": {
          "es": "Agradecerle por la oportunidad sin importar el resultado.",
          "en": "Thank him for the opportunity regardless of the result."
        },
        "consecuencias": {},
        "respuesta_narrativa": {
          "es": "Paul asiente con respeto. 'Esa actitud es exactamente por lo que estás aquí...'",
          "en": "Paul nods with respect. 'That attitude is exactly why you're here...'"
        }
      }
    ]
  }
]